Post_ID,Title,Category,Tags,Image_URL
P1,Post 1 on Education,Music,"AI, Travel, Teaching, Health",https://farm2.staticflickr.com/1533/26541536141_41abe98db3_z_d.jpg
P2,Post 2 on Travel,Education,"Adventure, Machine Learning",https://farm2.staticflickr.com/1533/26541536141_41abe98db3_z_d.jpg
P3,Post 3 on Cooking,Education,"Beauty, Programming, AI, Health",https://farm2.staticflickr.com/1533/26541536141_41abe98db3_z_d.jpg
P4,Post 4 on Health,Cooking,"Entrepreneurship, Cooking",https://farm2.staticflickr.com/1533/26541536141_41abe98db3_z_d.jpg
P5,Post 5 on Cooking,Fashion,"Indie, Pop Culture, Business, Music",https://farm2.staticflickr.com/1533/26541536141_41abe98db3_z_d.jpg
P6,Post 6 on Health,Travel,"Meditation, Recipes",https://farm2.staticflickr.com/1533/26541536141_41abe98db3_z_d.jpg
P7,Post 7 on Health,Business,"Indie, Business, Meditation, Adventure",https://farm2.staticflickr.com/1533/26541536141_41abe98db3_z_d.jpg
P8,Post 8 on Travel,Fashion,"Teaching, Health, AI",https://farm2.staticflickr.com/1533/26541536141_41abe98db3_z_d.jpg
P9,Post 9 on Business,Cooking,"Style, Beauty",https://farm2.staticflickr.com/1533/26541536141_41abe98db3_z_d.jpg
P10,Post 10 on Sports,Fashion,"Business, Adventure, Fitness, Fashion",https://farm2.staticflickr.com/1533/26541536141_41abe98db3_z_d.jpg
P11,Post 11 on Music,Business,"Indie, Fitness, Teaching, Health",https://farm2.staticflickr.com/1533/26541536141_41abe98db3_z_d.jpg
P12,Post 12 on Gaming,Cooking,"Health, Beauty, Pop Culture, Business",https://farm2.staticflickr.com/1533/26541536141_41abe98db3_z_d.jpg
P13,Post 13 on Sports,Cooking,"Beauty, Pop Culture, Adventure, Fashion",https://farm2.staticflickr.com/1533/26541536141_41abe98db3_z_d.jpg
P14,Post 14 on Technology,Education,"Mindfulness, Education, Style",https://farm2.staticflickr.com/1533/26541536141_41abe98db3_z_d.jpg
P15,Post 15 on Business,Fashion,"Indie, Entrepreneurship, Business",https://farm2.staticflickr.com/1533/26541536141_41abe98db3_z_d.jpg
P16,Post 16 on Sports,Technology,"Machine Learning, Meditation",https://farm2.staticflickr.com/1533/26541536141_41abe98db3_z_d.jpg
P17,Post 17 on Travel,Sports,"Cooking, Travel, Music",https://farm2.staticflickr.com/1533/26541536141_41abe98db3_z_d.jpg
P18,Post 18 on Technology,Cooking,"Education, Gaming",https://farm2.staticflickr.com/1533/26541536141_41abe98db3_z_d.jpg
P19,Post 19 on Fashion,Fashion,"Programming, Teaching, Indie",https://farm2.staticflickr.com/1533/26541536141_41abe98db3_z_d.jpg
P20,Post 20 on Business,Gaming,"Gaming, Programming, Entrepreneurship",https://farm2.staticflickr.com/1533/26541536141_41abe98db3_z_d.jpg
P21,Post 21 on Sports,Music,"Mindfulness, Recipes, Indie",https://farm2.staticflickr.com/1533/26541536141_41abe98db3_z_d.jpg
P22,Post 22 on Technology,Gaming,"Business, Culture",https://farm2.staticflickr.com/1533/26541536141_41abe98db3_z_d.jpg
P23,Post 23 on Fashion,Fashion,"Business, Music, Programming",https://farm2.staticflickr.com/1533/26541536141_41abe98db3_z_d.jpg
P24,Post 24 on Cooking,Travel,"Culture, Teaching",https://farm2.staticflickr.com/1533/26541536141_41abe98db3_z_d.jpg
P25,Post 25 on Technology,Travel,"Adventure, AI, Fitness, Teaching",https://farm2.staticflickr.com/1533/26541536141_41abe98db3_z_d.jpg
P26,Post 26 on Travel,Fashion,"Fitness, Travel, Machine Learning, Entrepreneurship",https://farm2.staticflickr.com/1533/26541536141_41abe98db3_z_d.jpg
P27,Post 27 on Cooking,Education,"Travel, Adventure, Cooking",https://farm2.staticflickr.com/1533/26541536141_41abe98db3_z_d.jpg
P28,Post 28 on Travel,Education,"Fitness, Meditation, Style, Recipes",https://farm2.staticflickr.com/1533/26541536141_41abe98db3_z_d.jpg
P29,Post 29 on Sports,Cooking,"Fitness, AI",https://farm2.staticflickr.com/1533/26541536141_41abe98db3_z_d.jpg
P30,Post 30 on Music,Business,"Sports, Travel",https://farm2.staticflickr.com/1533/26541536141_41abe98db3_z_d.jpg
P31,Post 31 on Sports,Sports,"Soccer, Programming",https://farm2.staticflickr.com/1533/26541536141_41abe98db3_z_d.jpg
P32,Post 32 on Cooking,Cooking,"Fitness, Culture, Mindfulness, Style",https://farm2.staticflickr.com/1533/26541536141_41abe98db3_z_d.jpg
P33,Post 33 on Health,Gaming,"Culture, Cooking",https://farm2.staticflickr.com/1533/26541536141_41abe98db3_z_d.jpg
P34,Post 34 on Sports,Sports,"Mindfulness, Indie, Programming",https://farm2.staticflickr.com/1533/26541536141_41abe98db3_z_d.jpg
P35,Post 35 on Cooking,Gaming,"Cooking, Pop Culture",https://farm2.staticflickr.com/1533/26541536141_41abe98db3_z_d.jpg
P36,Post 36 on Technology,Education,"Programming, Culture",https://farm2.staticflickr.com/1533/26541536141_41abe98db3_z_d.jpg
P37,Post 37 on Education,Fashion,"Entrepreneurship, Meditation",https://farm2.staticflickr.com/1533/26541536141_41abe98db3_z_d.jpg
P38,Post 38 on Sports,Business,"Mindfulness, Education, Gaming, Music",https://farm2.staticflickr.com/1533/26541536141_41abe98db3_z_d.jpg
P39,Post 39 on Technology,Gaming,"Culture, Soccer, Music, Entrepreneurship",https://farm2.staticflickr.com/1533/26541536141_41abe98db3_z_d.jpg
P40,Post 40 on Travel,Education,"Adventure, Fashion, Teaching",https://farm2.staticflickr.com/1533/26541536141_41abe98db3_z_d.jpg
P41,Post 41 on Business,Business,"Machine Learning, Fitness",https://farm2.staticflickr.com/1533/26541536141_41abe98db3_z_d.jpg
P42,Post 42 on Music,Cooking,"Soccer, Programming, Style",https://farm2.staticflickr.com/1533/26541536141_41abe98db3_z_d.jpg
P43,Post 43 on Travel,Fashion,"Programming, Style",https://farm2.staticflickr.com/1533/26541536141_41abe98db3_z_d.jpg
P44,Post 44 on Travel,Music,"Business, Entrepreneurship, Soccer, Recipes",https://farm2.staticflickr.com/1533/26541536141_41abe98db3_z_d.jpg
P45,Post 45 on Cooking,Travel,"Travel, Machine Learning, Indie",https://farm2.staticflickr.com/1533/26541536141_41abe98db3_z_d.jpg
P46,Post 46 on Health,Health,"Style, Music",https://farm2.staticflickr.com/1533/26541536141_41abe98db3_z_d.jpg
P47,Post 47 on Gaming,Business,"Beauty, Cooking, Machine Learning, Health",https://farm2.staticflickr.com/1533/26541536141_41abe98db3_z_d.jpg
P48,Post 48 on Education,Music,"Machine Learning, Indie, Teaching",https://farm2.staticflickr.com/1533/26541536141_41abe98db3_z_d.jpg
P49,Post 49 on Health,Music,"Fitness, Style",https://farm2.staticflickr.com/1533/26541536141_41abe98db3_z_d.jpg
P50,Post 50 on Cooking,Business,"Gaming, Fashion",https://farm2.staticflickr.com/1533/26541536141_41abe98db3_z_d.jpg
